<?xml version="1.0" encoding="UTF-8"?>
<project-private xmlns="http://www.netbeans.org/ns/project-private/1">
    <editor-bookmarks xmlns="http://www.netbeans.org/ns/editor-bookmarks/2" lastBookmarkId="0"/>
    <open-files xmlns="http://www.netbeans.org/ns/projectui-open-files/2">
        <group>
            <file>file:/home/mmanjaag7.alumnes/Baixades/Practia-1-SD/Server/src/Utils/Errors.java</file>
            <file>file:/home/mmanjaag7.alumnes/Baixades/Practia-1-SD/Server/src/Logica/ProtocolServer.java</file>
            <file>file:/home/mmanjaag7.alumnes/Baixades/Practia-1-SD/Server/src/Logica/Server.java</file>
            <file>file:/home/mmanjaag7.alumnes/Baixades/Practia-1-SD/Server/src/Logica/ServerThread.java</file>
            <file>file:/home/mmanjaag7.alumnes/Baixades/Practia-1-SD/Server/src/Logica/Protocol.java</file>
            <file>file:/home/mmanjaag7.alumnes/Baixades/Practia-1-SD/Server/src/Utils/ComUtils.java</file>
        </group>
    </open-files>
</project-private>
